Site Name,Wetland ID #,Wetland Type,Date,Start Time,Minutes Spent Sampling,Personnel Sampling,Temperature (*C),Dominant Habitat Cover,Tadpoles Present,Other - Tadpoles Present,Plains_Spadefoot,Toad_Tadpoles,Blanchards_Cricket_Frog,Copes_Gray_Treefrog,Boreal_Chorus_Frog,Western_Narrow-mouthed_Toad,Leopard_Frog,American_Bullfrog,Total_Tadpoles,Other Species of Tadpoles and Count,Additional Species Detected?,Notes,Set #,x,y,Palaemonidae,Mosquitofish,Bellastomatidae,Bluegill,Water_scorpion,Odonata,Crayfish,Fairy_shrimp,Redeared_slider,Chironomids,Leuciscidae,Orange_spotted_sunfish,Green_sunfish,Red_shiner ,Catostomidae,Fringed_diving_beetle_larvae,Fragile_forktailm-ayfly_larvae,Burrowing_mayfly_larvae,Bellastomadid_nymph,Dragonfly_larvae,Fathead_minnow,Mayfly_larvae,Cyprinidae,Damselfly_larvae,Catfish,Virile_crayfish,Longear_sunfish,Water_tiger_larvae,Threadfin_shad,River_carpsucker
Aspinwall Bend,1,Natural_Wetland_-_Riverward,5/21/2025,9:27,34,AF,,"Mud, open water, smart weed",None,,,,,,,,,,0,,Yes,,1,-95.636402,40.319656,23,,,,,,,,,,,,,,,,,,,,,,,,,,,,,
Aspinwall Bend,1,Natural_Wetland_-_Riverward,5/21/2025,10:20,46,AF,,"mud, open water, smart weed",None,,,,,,,,,,0,,Yes,,3,-95.63622,40.319723,15,,,,,,,,,,,,,,,,,,,,,,,,,,,,,
Aspinwall Bend,1,Natural_Wetland_-_Riverward,5/21/2025,11:16,38,AF,,"mud, open water, smartweed",None,,,,,,,,,,0,,Yes,Fish and turtles present in the water. Wetland bisected by property line. Shrimp only caught in the littoral zone.,5,-95.636246,40.319821,11,,,,,,,,,,,,,,,,,,,,,,,,,,,,,
Aspinwall Bend,1,Natural_Wetland_-_Riverward,5/21/2025,9:27,34,RYO,,"mud, open water, smartweed",None,,,,,,,,,,0,,Yes,,2,-95.636402,40.319656,2,,,,,,,,,,,,,,,,,,,,,,,,,,,,,
Aspinwall Bend,1,Natural_Wetland_-_Riverward,5/21/2025,10:30,35,RYO,,"mud, open water, smartweed",None,,,,,,,,,,0,,Yes,,4,-95.635906,40.319928,64,,,,,,,,,,,,,,,,,,,,,,,,,,,,,
Aspinwall Bend,1,Natural_Wetland_-_Riverward,5/21/2025,11:16,32,RYO,,"mud, open water, smartweed",None,,,,,,,,,,0,,Yes,,6,-95.636457,40.319745,46,,,,,,,,,,,,,,,,,,,,,,,,,,,,,
Corning Bend,1,Borrow_Pit_-_Landward,5/22/2025,8:08,19,"RYO, SR",,"mud, open water",None,,,,,,,,,,0,,No,,1,-95.501541,40.26697,,,,,,,,,,,,,,,,,,,,,,,,,,,,,,
Corning Bend,1,Borrow_Pit_-_Landward,5/22/2025,8:15,20,AF,,"Willow, mud, open water",None,,,,,,,,,,0,,No,,2,-95.501544,40.266906,,,,,,,,,,,,,,,,,,,,,,,,,,,,,,
Corning Bend,1,Borrow_Pit_-_Landward,5/22/2025,8:32,34,"RYO, SR",,"Willows, mud",Toad_(American_Great_Plains_and,,,4,,,,,,,4,,Yes,,3,-95.501636,40.266563,,2,1,,,,,,,,,,,,,,,,,,,,,,,,,,,
Corning Bend,1,Borrow_Pit_-_Landward,5/22/2025,8:41,39,AF,,"Willow, mud",None,,,,,,,,,,0,,Yes,IMG 6522,4,-95.501125,40.26646,,1,,,,,,,,,,,,,,,,,,,,,,,,,,,,
Corning Bend,1,Borrow_Pit_-_Landward,5/22/2025,9:22,20,"RYO, SR",,"Mud, open water",None,,,,,,,,,,0,,Yes,IMG 6543,5,-95.500725,40.266397,,1,1,1,,,,,,,,,,,,,,,,,,,,,,,,,,
Corning Bend,1,Borrow_Pit_-_Landward,5/22/2025,9:27,29,AF,,"Willow, mud",Toad_(American_Great_Plains_and,,,2,,,,,,,2,,No,IMG 6527,6,-95.500271,40.266234,,,,,,,,,,,,,,,,,,,,,,,,,,,,,,
Corning Bend,1,Borrow_Pit_-_Landward,5/22/2025,9:54,32,"RYO, SR",,"Mud, emergent veg",Toad_(American_Great_Plains_and,,,5,,,,,,,5,,Yes,,7,-95.499561,40.266259,,1,,,,,,,,,,,,,,,,,,,,,,,,,,,,
Corning Bend,1,Borrow_Pit_-_Landward,5/22/2025,10:04,22,AF,,"Willow, mud",Toad_(American_Great_Plains_and,,,5,,,,,,,5,,No,Backwater pool to main wetland,8,-95.499204,40.266608,,,,,,,,,,,,,,,,,,,,,,,,,,,,,,
Corning Bend,1,Borrow_Pit_-_Landward,5/22/2025,10:25,13,"RYO, SR",,"Mud, emergent veg",None,,,,,,,,,,0,,Yes,,9,-95.499914,40.266799,,3,1,,,,,,,,,,,,,,,,,,,,,,,,,,,
Corning Bend,1,Borrow_Pit_-_Landward,5/22/2025,10:32,14,AF,,"Willow, cottonwood, mud",None,,,,,,,,,,0,,Yes,"IMG - 6539, 6571, 6573",10,-95.501124,40.266898,1,,1,,1,,,,,,,,,,,,,,,,,,,,,,,,,
Corning Bend,2a,Borrow_Pit_-_Landward,5/22/2025,10:57,28,"RYO, SR",,Mud,Toad_(American_Great_Plains_and,,,315,,,,,,,315,,No,,1,-95.501563,40.267125,,,,,,,,,,,,,,,,,,,,,,,,,,,,,,
Corning Bend,2a,Borrow_Pit_-_Landward,5/22/2025,10:58,19,AF,,"Willow, cottonwood, mud",Toad_(American_Great_Plains_and,,,16,,,,,,,16,,No,Small ephemeral wetland,2,-95.501668,40.267458,,,,,,,,,,,,,,,,,,,,,,,,,,,,,,
Corning Bend,2b,Borrow_Pit_-_Landward,5/22/2025,11:54,16,"RYO, SR, JDF",,"Willow, mud",Toad_(American_Great_Plains_and,,,113,,,,,,,113,,Yes,"IMG 6562, 6563, 6586, 6595",1,-95.501053,40.267473,,,,,,1,,,,,,,,,,,,,,,,,,,,,,,,
Corning Bend,3,Natural_Wetland_-_Riverward,5/22/2025,13:00,14,"RYO, SR",,"Mud, smartweed",Toad_(American_Great_Plains_and,,,116,,,,,,,116,,Yes,,1,-95.5007,40.258452,,,,,,,3,,,,,,,,,,,,,,,,,,,,,,,
Corning Bend,3,Natural_Wetland_-_Riverward,5/22/2025,12:59,21,"AF, JDF",,"Mud, smartweed",Toad_(American_Great_Plains_and,,,5,,,,,,,5,,Yes,,2,-95.500484,40.25839,,,1,,,,1,,,,,,,,,,,,,,,,,,,,,,,
Corning Bend,3,Natural_Wetland_-_Riverward,5/22/2025,13:23,17,"RYO, SR",,"Reeds, mud",Toad_(American_Great_Plains_and,,,28,,,,,,,28,,No,,3,-95.500125,40.258173,,,,,,,,,,,,,,,,,,,,,,,,,,,,,,
Corning Bend,3,Natural_Wetland_-_Riverward,5/22/2025,13:29,13,"AF, JDF",,"Reeds, mud",Toad_(American_Great_Plains_and,,,120,,,,,,,120,,Yes,,4,-95.4999,40.258405,,,,,,,6,,,,,,,,,,,,,,,,,,,,,,,
Corning Bend,3,Natural_Wetland_-_Riverward,5/22/2025,13:45,14,"RYO, SR",,Mud,Toad_(American_Great_Plains_and,,,54,,,,,,,54,,Yes,,5,-95.499374,40.258188,,,,,,,30,,,,,,,,,,,,,,,,,,,,,,,
Corning Bend,3,Natural_Wetland_-_Riverward,5/22/2025,13:47,11,"AF, JDF",,"Smartweed, mud",Toad_(American_Great_Plains_and,,,34,,,,,,,34,,Yes,,6,-95.499031,40.258336,,,,,,,12,1,,,,,,,,,,,,,,,,,,,,,,
Corning Bend,5,Natural_Wetland_-_Riverward,5/22/2025,14:05,17,"RYO, JDF, SR",,"Smartweed, willow, cottonwood","Toad_(American_Great_Plains_and,Cope's_/_Gray_Treefrog",,,5,,1,,,,,6,,Yes,"IMG 6600, 6601, 6602, 6603, 6604",1,-95.516115,40.261721,,,1,,,,,,1,1,,,,,,,,,,,,,,,,,,,,
Nishnabotna,6,Natural_Wetland_-_Riverward,5/28/2025,8:48,19,AF,19.3,"emergent vegetation, snags, open",None,,,,,,,,,,0,,No,,2,-95.661977,40.455899,,,,,,,,,,,,,,,,,,,,,,,,,,,,,,
Nishnabotna,6,Natural_Wetland_-_Riverward,5/28/2025,9:20,16,AF,,"Willows, emergent vegetation",None,,,,,,,,,,0,,Yes,,4,-95.662981,40.456052,11,,,,,,,,,,,,,,,,,,,,,,,,,,,,,
Nishnabotna,6,Natural_Wetland_-_Riverward,5/28/2025,9:59,18,AF,,"Willows, emergent vegetation",None,,,,,,,,,,0,,No,,6,-95.663395,40.454875,,,,,,,,,,,,,,,,,,,,,,,,,,,,,,
Nishnabotna,6,Natural_Wetland_-_Riverward,5/28/2025,10:30,16,AF,,"Willow, emergent vegetation",None,,,,,,,,,,0,,Yes,,8,-95.661109,40.455291,3,,,,,,,,,,,,,,,,,,,,,,,,,,,,,
Nishnabotna,2,Natural_Wetland_-_Landward,5/28/2025,11:48,20,AF,21.3,Emergent vegetation,Toad_(American_Great_Plains_and,,,2,,,,,,,2,,Yes,,2,-95.657177,40.455222,40,,,,,,,,,,,,,,,,,,,,,,,,,,,,,
Nishnabotna,2,Natural_Wetland_-_Landward,5/28/2025,12:15,17,AF,,,None,,,,,,,,,,0,,Yes,,4,-95.657342,40.454776,31,,,,,,,,,,,,,,,,,,,,,,,,,,,,,
Nishnabotna,2,Natural_Wetland_-_Landward,5/28/2025,12:35,15,AF,,"Snags, willows",None,,,,,,,,,,0,,Yes,,6,-95.657083,40.454419,26,,,,,,,,,,,,,,,,,,,,,,,,,,,,,
Nishnabotna,1,"Natural_Wetland_-_Landward,Ag_Connected",5/29/2025,8:21,15,AF,19.5,"Reed canary grass, mud",None,,,,,,,,,,0,,Yes,,2,-95.658662,40.456205,8,1,,,,,,,,,,,,,,,,,,,,,,,,,,,,
Nishnabotna,1,"Natural_Wetland_-_Landward,Ag_Connected",5/29/2025,8:40,21,AF,,"Emergent veg, snags",American_Bullfrog,,,,,,,,,1,1,,Yes,IMG 6646,4,-95.657889,40.456242,4,,,,,,,,,,,,,,,,,,,,,,,,,,,,,
Nishnabotna,1,"Natural_Wetland_-_Landward,Ag_Connected",5/29/2025,9:10,17,AF,,Bare ground,None,,,,,,,,,,0,,Yes,,6,-95.656901,40.456819,,,,,,,,,,,1,3,,,,,,,,,,,,,,,,,,
Nishnabotna,3,Ag_Connected,5/29/2025,9:31,15,"AF, RYO, RL",,"Emergent veg, smart weed, willows",American_Bullfrog,,,,,,,,,5,5,,Yes,,1,-95.656739,40.45712,60,,,,,,,,,,,,2,,,,,,,,,,,,,,,,,
Nishnabotna,4,Natural_Wetland_-_Riverward,5/29/2025,10:30,15,AF,,"Emergent vegetation, sticks",None,,,,,,,,,,0,,Yes,,2,-95.652624,40.437465,12,,,,,,,,,,,3,,,,,,,,,,,,,,,,,,
Nishnabotna,4,Natural_Wetland_-_Riverward,5/29/2025,10:52,25,AF,21.9,Emergent vegetation,None,,,,,,,,,,0,,Yes,IMG 6666,4,-95.652304,40.436946,27,,,,,,,,,,,,,1,,,,,,,,,,,,,,,,
Nishnabotna,7,Natural_Wetland_-_Landward,5/29/2025,12:13,13,AF,,Bare ground,American_Bullfrog,,,,,,,,,1,1,,Yes,,1,-95.648138,40.423155,15,,,,,,,,,,2,,,,,,,,,,,,,,,,,,,
Nishnabotna,7,Natural_Wetland_-_Landward,5/29/2025,12:30,12,AF,,Bare ground ,American_Bullfrog,,,,,,,,,9,9,,Yes,,3,-95.647822,40.42268,32,,,,,,,,,,,,,1,,,,,,,,,,,,,,,,
Nishnabotna,7,Natural_Wetland_-_Landward,5/29/2025,12:47,16,AF,,"Smart weed, emergent vegetation",American_Bullfrog,,,,,,,,,21,21,,Yes,IMG 6683,5,-95.647094,40.422786,45,,,,,,,,,,6,,,,,,,,,,,,,,,,,,,
Nishnabotna,7,Natural_Wetland_-_Landward,5/29/2025,13:12,13,AF,,Bare ground,American_Bullfrog,,,,,,,,,7,7,,Yes,,5,-95.646777,40.42324,62,,,,,,,,,,4,,,,,,,,,,,,,,,,,,,
Nishnabotna,6,Natural_Wetland_-_Riverward,5/28/2025,8:38,25,RYO,,Bare ground,None,,,,,,,,,,0,,Yes,,1,-95.660895,40.456075,10,,,,,,,,,,1,,,,,,,,,,,,,,,,,,,
Nishnabotna,6,Natural_Wetland_-_Riverward,5/28/2025,9:12,21,RYO,,"Bare ground, emergent vegetation",None,,,,,,,,,,0,,Yes,,3,-95.662281,40.456482,3,,,,,,,,,,,,,1,,,,,,,,,,,,,,,,
Nishnabotna,6,Natural_Wetland_-_Riverward,5/28/2025,9:46,19,RYO,,Bare ground,None,,,,,,,,,,0,,Yes,,5,-95.665273,40.45682,2,,,,,,,,,,,,,,,,,,,,,,,,,,,,,
Nishnabotna,6,Natural_Wetland_-_Riverward,5/28/2025,10:20,15,RYO,,"Sand, willows",None,,,,,,,,,,0,,Yes,,7,-95.662268,40.455089,1,,,,,,,,,,,,,,,,,,,,,,,,,,,,,
Nishnabotna,2,Natural_Wetland_-_Landward,5/28/2025,11:47,14,RYO,,Bare ground,Toad_(American_Great_Plains_and,,,1,,,,,,,1,,Yes,,1,-95.65706,40.45536,22,,,,,,,,,,,,,,,,,,,,,,,,,,,,,
Nishnabotna,2,Natural_Wetland_-_Landward,5/28/2025,12:08,20,RYO,,Bareground,Toad_(American_Great_Plains_and,,,5,,,,,,,5,,Yes,,3,-95.656759,40.455602,30,,,,,,,,,,,,,,,,,,,,,,,,,,,,,
Nishnabotna,2,Natural_Wetland_-_Landward,5/28/2025,12:34,16,RYO,,"Sand, willows",Toad_(American_Great_Plains_and,,,8,,,,,,,8,,Yes,,5,-95.656364,40.455263,58,,,,,,,,,,,,,,,,,,,,,,,,,,,,,
Nishnabotna,1,"Natural_Wetland_-_Landward,Ag_Connected",5/29/2025,8:18,15,"RYO, RL",,"Mud, emergent vegetation",None,,,,,,,,,,0,,Yes,,1,-95.658969,40.456521,10,,,,,,,,,,,,,2,,,,,,,,,,,,,,,,
Nishnabotna,1,"Natural_Wetland_-_Landward,Ag_Connected",5/29/2025,8:38,18,"RYO, RL",,"Bare ground, emergent vegetation",None,,,,,,,,,,0,,Yes,,3,-95.657306,40.456098,55,,,,,,,,,,,,,,,,,,,,,,,,,,,,,
Nishnabotna,1,"Natural_Wetland_-_Landward,Ag_Connected",5/29/2025,9:06,13,"RYO, RL",,"Willows, emergent vegetation",None,,,,,,,,,,0,,Yes,,5,-95.656885,40.456531,90,,,,,,,,,,,,,3,,,,,,,,,,,,,,,,
Nishnabotna,4,Natural_Wetland_-_Riverward,5/29/2025,10:29,6,"RYO, RL",,,None,,,,,,,,,,0,,Yes,,1,-95.652371,40.437518,30,,,,1,,,,,,,,,,,,,,,,,,,,,,,,,
Nishnabotna,4,Natural_Wetland_-_Riverward,5/29/2025,10:43,12,"RYO, RL",,,None,,,,,,,,,,0,,Yes,,3,-95.652515,40.437222,15,,,,,,,,,,2,,,,,,,,,,,,,,,,,,,
Nishnabotna,4,Natural_Wetland_-_Riverward,5/29/2025,11:00,9,"RYO, RL",,,None,,,,,,,,,,0,,Yes,,5,-95.652173,40.436955,10,,,,,,,,,,,1,,1,,,,,,,,,,,,,,,,
Nishnabotna,7,Natural_Wetland_-_Landward,5/29/2025,12:13,9,"RYO, RL",,,None,,,,,,,,,,0,,Yes,,2,-95.652029,40.437133,175,,,,,,,,,,5,,,3,,,,,,,,,,,,,,,,
Nishnabotna,7,Natural_Wetland_-_Landward,5/29/2025,12:27,13,"RYO, RL",,,American_Bullfrog,,,,,,,,,36,36,,Yes,2 adult bullfrogs captured,4,-95.647477,40.422665,100,,,,,,,,,,,,,,,,,,,,,,,,,,,,,
Nishnabotna,7,Natural_Wetland_-_Landward,5/29/2025,12:49,11,"RYO, RL",,,American_Bullfrog,,,,,,,,,81,81,,Yes,Catostomidae ID highly tentative,6,-95.646807,40.422889,40,,,,,,,,,,4,1,,,1,,,,,,,,,,,,,,,
Nishnabotna,7,Natural_Wetland_-_Landward,5/29/2025,13:11,12,"RYO, RL",,,American_Bullfrog,,,,,,,,,2,2,,Yes,2 adult bullfrogs captured,8,-95.64726,40.423356,150,,,,,,,,,,,,,,,,,,,,,,,,,,,,,
Copeland Bend,5,Ag_Connected,6/4/2025,7:58,30,"AF, RYO",14.8,"Reeds, smartweed, misc. emergent veg",American_Bullfrog,,,,,,,,,38,38,,Yes,"IMG : 7857, 7845, 7848",1,-95.833254,40.68203,,,,,,,,,,,,,,,,1,1,1,1,,,,,,,,,,,
Copeland Bend,6,"Borrow_Pit_-_Landward,Ag_Connected",6/4/2025,8:46,14,"AF, RYO",19.1,Reeds,American_Bullfrog,,,,,,,,,17,17,,Yes,"GPS Stop: 40.683954, -95.831998
IMG: 6699, 7865, 7870",1,-95.832075,40.683871,,,,,,,,,,,,,,,,,,,,2,1,,,,,,,,,
Copeland Bend,6,"Borrow_Pit_-_Landward,Ag_Connected",6/4/2025,9:21,22,"AF, RYO",,Reeds,American_Bullfrog,,,,,,,,,2,2,,Yes,,2,-95.831334,40.684063,,,,,,,,,,,,,,,,,,,,3,1,,,,,,,,,
Copeland Bend,6,"Borrow_Pit_-_Landward,Ag_Connected",6/4/2025,9:54,22,"AF, AC",20.1,"Reeds, smartweed",American_Bullfrog,,,,,,,,,34,34,,Yes,"GPS Stop: 40.683524, -95.830663",3,-95.830872,40.683935,,,,,,,,,,,,,,,,,,,,18,,6,,,,,,,,
Copeland Bend,7,"Borrow_Pit_-_Landward,Ag_Connected",6/4/2025,10:33,18,"AF, RYO, AC",20.8,"Reeds, dead willows, smartweed",American_Bullfrog,,,,,,,,,1,1,,Yes,,1,-95.832639,40.68511,,,5,,,,,,,,,,,,,,,,,6,,,,,,,,,,
Copeland Bend,7,"Borrow_Pit_-_Landward,Ag_Connected",6/4/2025,11:00,13,AF,,"Reeds, smartweed, bareground",None,,,,,,,,,,0,,No,,3,-95.832867,40.685865,,,,,,,,,,,,,,,,,,,,,,,,,,,,,,
Copeland Bend,7,"Borrow_Pit_-_Landward,Ag_Connected",6/4/2025,11:20,20,AF,,"Smartweed, pondweed ","Toad_(American_Great_Plains_and,American_Bullfrog",,,7,,,,,,1,8,,Yes,IMG: 7935,5,-95.831748,40.686641,,,,,,,,,,,,,,,,,,,,,1,,1,,,,,,,
Copeland Bend,7,"Borrow_Pit_-_Landward,Ag_Connected",6/4/2025,11:54,14,AF,,"Smartweed, bareground",None,,,,,,,,,,0,,Yes,"GPS Stop: 40.685043, -95. 831313

IMG: 6723",7,-95.831365,40.685333,,,,,,,,,,,,,,,,,,,,6,,,,,,,,,,
Copeland Bend,7,"Borrow_Pit_-_Landward,Ag_Connected",6/4/2025,12:16,15,AF,,"Reeds, smartweed",None,,,,,,,,,,0,,Yes,,9,-95.831139,40.684532,,,,,,,,,,,,,,,,,,,,7,,,,,,,,,,
Copeland Bend,4,Natural_Wetland_-_Riverward,6/4/2025,14:03,15,AF,26.4,"Smartweed, misc. emergent veg",None,,,,,,,,,,0,,No,,2,-95.836962,40.681693,,,,,,,,,,,,,,,,,,,,,,,,,,,,,,
Copeland Bend,4,Natural_Wetland_-_Riverward,6/4/2025,14:20,15,AF,,"smartweed, sweet clover",None,,,,,,,,,,0,,No,,4,-95.836722,40.681854,,,,,,,,,,,,,,,,,,,,,,,,,,,,,,
Copeland Bend,1,"Borrow_Pit_-_Riverward,Ag_Connected",6/5/2025,8:50,15,AF,18.8,Smartweed,"Toad_(American_Great_Plains_and,Leopard_Frog_(Plains_and_Northe,American_Bullfrog",,,25,,,,,1,9,35,,No,"IMG: 7910, 7908",2,-95.835293,40.680353,,,,,,,,,,,,,,,,,,,,,,,,,,,,,,
Copeland Bend,1,"Borrow_Pit_-_Riverward,Ag_Connected",6/5/2025,9:18,15,AF,,"Smartweed, dead willows, misc. emergent veg",None,,,,,,,,,,0,,No,,4,-95.835087,40.679846,,,,,,,,,,,,,,,,,,,,,,,,,,,,,,
Copeland Bend,1,"Borrow_Pit_-_Riverward,Ag_Connected",6/5/2025,9:34,15,AF,,"smartweed, willows",None,,,,,,,,,,0,,No,,6,-95.834647,40.679472,,,,,,,,,,,,,,,,,,,,,,,,,,,,,,
Copeland Bend,3,Ag_Connected,6/5/2025,10:12,17,AF,20.2,"Rocks, smartweed, misc. emergent veg",other,,,,,,,,,,0,Too small to ID - 1,Yes,,1,-95.834133,40.681161,,,,,,,,,,,,,,,,,,,,,,27,,,,,,,,
Copeland Bend,3,Ag_Connected,6/5/2025,10:37,15,AF,,Smartweed,other,,,,,,,,,,0,Too small to ID - 12,Yes,"IMG: 7918, 7915",3,-95.83436,40.681094,,,,,,,,,,,,,,,,,,,,1,,33,,,,,,,,
Copeland Bend,7,"Borrow_Pit_-_Landward,Ag_Connected",6/4/2025,10:33,17,RYO,,,None,,,,,,,,,,0,,Yes,,2,-95.832639,40.68511,,,,,,,,,,,,,,,,,,,,3,,,,1,,,,,,
Copeland Bend,7,"Borrow_Pit_-_Landward,Ag_Connected",6/4/2025,10:59,13,"RYO, AC",,,None,,,,,,,,,,0,,No,,4,-95.832799,40.685659,,,,,,,,,,,,,,,,,,,,,,,,,,,,,,
Copeland Bend,7,"Borrow_Pit_-_Landward,Ag_Connected",6/4/2025,11:20,12,"RYO, AC",,,"Toad_(American_Great_Plains_and,American_Bullfrog",,,80,,,,,,13,93,,Yes,,6,-95.832008,40.686948,,,,,,,,,,,,,,,,,,,,4,,,,,,,,,,
Copeland Bend,7,"Borrow_Pit_-_Landward,Ag_Connected",6/4/2025,11:52,16,"RYO, AC",,,"Toad_(American_Great_Plains_and,American_Bullfrog",,,3,,,,,,30,33,,Yes,,8,-95.831492,40.68568,,,,,,,,,,,,,,,,,,,,5,,,,,,,,,,
Copeland Bend,7,"Borrow_Pit_-_Landward,Ag_Connected",6/4/2025,12:15,15,"RYO, AC",,,American_Bullfrog,,,,,,,,,2,2,,Yes,,10,-95.83113,40.684824,,,,,,,,,,,,,,,,,,,,6,,,,,,,,,,
Copeland Bend,4,Natural_Wetland_-_Riverward,6/4/2025,14:00,15,"RYO, AC",,,None,,,,,,,,,,0,,No,,1,-95.837053,40.681897,,,,,,,,,,,,,,,,,,,,,,,,,,,,,,
Copeland Bend,4,Natural_Wetland_-_Riverward,6/4/2025,14:15,15,"RYO, AC",,,None,,,,,,,,,,0,,No,,3,-95.836604,40.681661,,,,,,,,,,,,,,,,,,,,,,,,,,,,,,
Copeland Bend,1,"Borrow_Pit_-_Riverward,Ag_Connected",6/5/2025,8:50,16,RYO,,,"Toad_(American_Great_Plains_and,American_Bullfrog",,,1,,,,,,7,8,,Yes,,1,-95.835028,40.680281,,,,,,,,,,,,,,,,,,,,,,3,,,,,,,,
Copeland Bend,1,"Borrow_Pit_-_Riverward,Ag_Connected",6/5/2025,9:17,15,RYO,,,None,,,,,,,,,,0,,No,,3,-95.835189,40.68008,,,,,,,,,,,,,,,,,,,,,,,,,,,,,,
Copeland Bend,1,"Borrow_Pit_-_Riverward,Ag_Connected",6/5/2025,9:32,16,RYO,,,"Toad_(American_Great_Plains_and,American_Bullfrog",,,11,,,,,,7,18,,No,,5,-95.834839,40.679574,,,,,,,,,,,,,,,,,,,,,,,,,,,,,,
Copeland Bend,1,"Borrow_Pit_-_Riverward,Ag_Connected",6/5/2025,9:57,15,RYO,,,"Toad_(American_Great_Plains_and,American_Bullfrog",,,3,,,,,,1,4,,No,,7,-95.834833,40.679962,,,,,,,,,,,,,,,,,,,,,,,,,,,,,,
Copeland Bend,3,Ag_Connected,6/5/2025,10:12,22,RYO,,,other,,,,,,,,,,0,too small to ID - 15,No,,2,-95.834158,40.681083,,,,,,,,,,,,,,,,,,,,,,,,,,,,,,
Copeland Bend,3,Ag_Connected,6/5/2025,10:37,15,RYO,,,other,,,,,,,,,,0,too small to ID - 4,Yes,,4,-95.834165,40.681192,,,,,,,,,,,,,,,,,,,,,,4,,,,,,,,
Corning Bend,3,Natural_Wetland_-_Riverward,6/10/2025,9:05,17,AF,19.7,smartweed,None,,,,,,,,,,0,,No,,1,-95.500689,40.258412,,,,,,,,,,,,,,,,,,,,,,,,,,,,,,
Corning Bend,3,Natural_Wetland_-_Riverward,6/10/2025,9:35,20,AF,,"reeds, willows, smartweed",Toad_(American_Great_Plains_and,,,7,,,,,,,7,,Yes,,3,-95.499878,40.258439,,,,,,,,,,,,,,,,,,,,1,,,,,,2,,,,
Corning Bend,3,Natural_Wetland_-_Riverward,6/10/2025,10:10,20,AF,,"smartweed, bareground",Toad_(American_Great_Plains_and,,,37,,,,,,,37,,Yes,,5,-95.499239,40.258415,,,,,,,,,,,,,,,,,,,,1,,,,,,,,,,
Corning Bend,3,Natural_Wetland_-_Riverward,6/10/2025,10:36,21,AF,,smartweed,Toad_(American_Great_Plains_and,,,17,,,,,,,17,,No,,7,-95.498736,40.258409,,,,,,,,,,,,,,,,,,,,,,,,,,,,,,
Corning Bend,4,Ag_Connected,6/10/2025,11:15,20,AF,,"bare ground, misc. veg",None,,,,,,,,,,0,,Yes,,1,-95.512055,40.262929,,,,,,,,,,,,1,,,,,,,,,,,,,,,,,,
Corning Bend,5,Natural_Wetland_-_Riverward,6/10/2025,11:55,20,AF,23.3,"Smartweed, dead willows",Toad_(American_Great_Plains_and,,,42,,,,,,,42,,Yes,,2,-95.516108,40.261742,,,,,,,,,,,,,,,,,,,,8,,,,,,,,,,
Corning Bend,5,Natural_Wetland_-_Riverward,6/10/2025,12:20,20,AF,,smartweed,Toad_(American_Great_Plains_and,,,15,,,,,,,15,,Yes,,4,-95.516106,40.261643,,,,,,,,,,,,,,,,,,,,8,,,,,,,,,,
Corning Bend,1,Borrow_Pit_-_Landward,6/11/2025,8:07,15,"AF, BT",21.9,"misc. veg, willows",None,,,,,,,,,,0,,No,,1,-95.501685,40.266969,,,,,,,,,,,,,,,,,,,,,,,,,,,,,,
Corning Bend,1,Borrow_Pit_-_Landward,6/11/2025,8:27,18,"AF, BT",,"willows, misc. veg",None,,,,,,,,,,0,,Yes,,3,-95.501312,40.26626,,1,,,,,,,,,,,,,,,,,,,,,,,,,,,,
Corning Bend,1,Borrow_Pit_-_Landward,6/11/2025,8:46,14,"AF, BT",,"cottonwoods, willows, misc. veg","Toad_(American_Great_Plains_and,Leopard_Frog_(Plains_and_Northe",,,32,,,,,2,,34,,No,,5,-95.500673,40.266262,,,,,,,,,,,,,,,,,,,,,,,,,,,,,,
Corning Bend,1,Borrow_Pit_-_Landward,6/11/2025,9:02,15,"AF, BT",,Willows,Toad_(American_Great_Plains_and,,,26,,,,,,,26,,Yes,,7,-95.499995,40.266156,,,,,,,,,,,,,,,,,,,,1,,,,,,,,,,
Corning Bend,1,Borrow_Pit_-_Landward,6/11/2025,9:23,12,"AF, BT",,"willows, cottonwoods",Leopard_Frog_(Plains_and_Northe,,,,,,,,14,,14,,No,,9,-95.499396,40.266901,,,,,,,,,,,,,,,,,,,,,,,,,,,,,,
Corning Bend,1,Borrow_Pit_-_Landward,6/11/2025,9:38,17,"AF, BT",,"willows, cottonwoods",Leopard_Frog_(Plains_and_Northe,,,,,,,,12,,12,,No,,11,-95.500338,40.266712,,,,,,,,,,,,,,,,,,,,,,,,,,,,,,
Corning Bend,2,Borrow_Pit_-_Landward,6/11/2025,9:54,14,"AF, BT",25.7,"Willows, bare ground",Toad_(American_Great_Plains_and,,,2,,,,,,,2,,Yes,,1,-95.501532,40.267044,,,,,,,,,,,,,,,,,,,,1,,,,,,,,,,
Corning Bend,2,Borrow_Pit_-_Landward,6/11/2025,10:10,15,"AF, BT",,willows,Toad_(American_Great_Plains_and,,,16,,,,,,,16,,Yes,,3,-95.501289,40.267512,,,,,,,,,,,,,,,,,,,,2,,,,,,,,,,
Corning Bend,2,Borrow_Pit_-_Landward,6/11/2025,10:26,13,"AF, BT",,"Reeds, willows",Toad_(American_Great_Plains_and,,,38,,,,,,,38,,No,,4,-95.501316,40.267459,,,,,,,,,,,,,,,,,,,,,,,,,,,,,,
MU Payne,1,Natural_Wetland_-_Riverward,6/11/2025,11:28,14,"AF, BT",26.1,"smartweed, misc. veg",None,,,,,,,,,,0,,Yes,,2,-95.775499,40.659394,12,1,,,1,,,,,,,1,,,,,,,,,,,,,,,,,,
MU Payne,1,Natural_Wetland_-_Riverward,6/11/2025,11:44,15,"AF, BT",,misc. veg,None,,,,,,,,,,0,,Yes,,3,-95.775585,40.659916,45,,,,,,,,,,,20,,,,,,,,,,,,,1,10,1,,,
MU Payne,2,Borrow_Pit_-_Riverward,6/12/2025,8:20,23,"AF, AT",23.2,"reeds, smartweed","Toad_(American_Great_Plains_and,Boreal_Chorus_Frog",,,36,,,2,,,,38,,Yes,,2,-95.752699,40.640279,,,,,,,,,,,,,,,,,,,,20,,,,2,,,,,,
MU Payne,2,Borrow_Pit_-_Riverward,6/12/2025,8:48,15,"AF, AT",,"smartweed, reed canary grass","Toad_(American_Great_Plains_and,Boreal_Chorus_Frog",,,16,,,1,,,,17,,Yes,,4,-95.753033,40.639823,,,,,,,,,,,,,,,,,,,,30,,,,10,,,,,,
MU Payne,2,Borrow_Pit_-_Riverward,6/12/2025,9:09,19,"AF, AT",,"smartweed, reed canary grass","Toad_(American_Great_Plains_and,Boreal_Chorus_Frog",,,52,,,1,,,,53,,Yes,,6,-95.752644,40.639427,,,,,,,,,,,,,,,,,,,,60,,,,15,,,,,,
MU Payne,2,Borrow_Pit_-_Riverward,6/12/2025,9:31,15,"AF, AT",,"smartweed, dead willows, reeds",Toad_(American_Great_Plains_and,,,10,,,,,,,10,,Yes,,8,-95.752381,40.639738,,,,,,,,,,,,,,,,,,,,42,,,,,,,,,,
Copeland Bend,10,Borrow_Pit_-_Riverward,6/12/2025,10:45,24,"AF, AT",,smartweed,other,,,,,,,,,,0,too tiny to ID - 12,Yes,,2,-95.843553,40.688349,,,,,,,,,,,,,,,,,,,,,,,,,,,,2,,
Copeland Bend,9,Borrow_Pit_-_Riverward,6/12/2025,11:21,22,"AF, AT",25.1,"smartweed, misc. veg","Toad_(American_Great_Plains_and,Boreal_Chorus_Frog,Leopard_Frog_(Plains_and_Northe",,,5,,,23,,46,,74,,Yes,,1,-95.842856,40.68795,,,,,,,,,,,,,,,,,,,,17,,,,,,,,,,
Copeland Bend,9,Borrow_Pit_-_Riverward,6/12/2025,11:46,18,"AF, AT, RYO",,"smartweed, reeds, misc. veg","Toad_(American_Great_Plains_and,Boreal_Chorus_Frog,Leopard_Frog_(Plains_and_Northe",,,23,,,8,,74,,105,,Yes,,3,-95.842888,40.688416,,,,,,,12,,,,,,,,,,,,,16,,,,,,,,,,
Corning Bend,3,Natural_Wetland_-_Riverward,6/10/2025,9:04,35,RYO,,,"Toad_(American_Great_Plains_and,American_Bullfrog",,,6,,,,,,1,7,,No,leopard frog egg masses present,2,-95.500753,40.258281,,,,,,,,,,,,,,,,,,,,,,,,,,,,,,
Corning Bend,3,Natural_Wetland_-_Riverward,6/10/2025,9:46,34,RYO,,,"Toad_(American_Great_Plains_and,American_Bullfrog",,,5,,,,,,1,6,,Yes,,4,-95.500047,40.258162,,,,,,,,,,,,,,,,,,,,2,,,,,,,,1,,
Corning Bend,3,Natural_Wetland_-_Riverward,6/10/2025,10:22,16,RYO,,,Toad_(American_Great_Plains_and,,,5,,,,,,,5,,Yes,,6,-95.499158,40.258128,,,,,,,1,,,,,,,,,,,,,,,,,,,,,,,
Corning Bend,4,Ag_Connected,6/10/2025,11:23,12,RYO,,,None,,,,,,,,,,0,,Yes,,2,-95.512119,40.262883,6,,,,,,,,,,,,,,,,,,,,,,,,,,,,,
Corning Bend,5,Natural_Wetland_-_Riverward,6/10/2025,11:48,17,RYO,,,Toad_(American_Great_Plains_and,,,15,,,,,,,15,,Yes,,1,-95.516177,40.261739,,,,,,,,,,,,,,,,,,,,6,,,,,,,,,,
Corning Bend,5,Natural_Wetland_-_Riverward,6/10/2025,12:10,10,RYO,,,Toad_(American_Great_Plains_and,,,6,,,,,,,6,,Yes,,3,-95.516359,40.261762,,,,,,,,,,,,,,,,,,,,4,,,,,,,,,,
Corning Bend,1,Borrow_Pit_-_Landward,6/11/2025,8:08,17,RYO,,,Toad_(American_Great_Plains_and,,,1,,,,,,,1,,No,,2,-95.501713,40.266658,,,,,,,,,,,,,,,,,,,,,,,,,,,,,,
Corning Bend,1,Borrow_Pit_-_Landward,6/11/2025,8:40,16,RYO,,,None,,,,,,,,,,0,,No,,4,-95.500875,40.266395,,,,,,,,,,,,,,,,,,,,,,,,,,,,,,
Corning Bend,1,Borrow_Pit_-_Landward,6/11/2025,8:58,12,RYO,,,None,,,,,,,,,,0,,Yes,,6,-95.500426,40.26624,,9,,,1,,,,,,,,,,,,,,,,,,,,,,,,,
Corning Bend,1,Borrow_Pit_-_Landward,6/11/2025,9:15,10,RYO,,,American_Bullfrog,,,,,,,,,1,1,,Yes,,8,-95.499175,40.266514,,4,,,,,,,,,,,,,,,,,,,,,,,,,,,,
Corning Bend,1,Borrow_Pit_-_Landward,6/11/2025,9:34,10,RYO,,,Toad_(American_Great_Plains_and,,,1,,,,,,,1,,Yes,,10,-95.499682,40.26676,,,,,,,,,,,,,,,,,,,,,,,,1,,,,,,
Corning Bend,1,Borrow_Pit_-_Landward,6/11/2025,9:45,15,RYO,,,American_Bullfrog,,,,,,,,,1,1,,Yes,,12,-95.501243,40.266919,,5,1,,,,,,,,,,,,,,,,,,,,,,,,,,,
Corning Bend,2,Borrow_Pit_-_Landward,6/11/2025,10:06,20,RYO,,,Toad_(American_Great_Plains_and,,,10,,,,,,,10,,Yes,,2,-95.501683,40.267221,,,,,,,,,,,,,,,,,,,,1,,,,,,,,,,
MU Payne,1,Natural_Wetland_-_Riverward,6/11/2025,11:29,11,RYO,,,None,,,,,,,,,,0,,Yes,,1,-95.775169,40.659581,2,,,,,,,,,,,,,,,,,,,,,,,,,,,,,
MU Payne,1,Natural_Wetland_-_Riverward,6/11/2025,11:43,11,RYO,,,None,,,,,,,,,,0,,Yes,,3,-95.775795,40.659784,10,,,,,,1,,,,,3,,,,,,,,,,,,,2,,,,,
MU Payne,2,Borrow_Pit_-_Riverward,6/12/2025,8:20,18,RYO,,,Toad_(American_Great_Plains_and,,,10,,,,,,,10,,Yes,,1,-95.752575,40.640044,,,,,,,,,,,,,,,,,,,,50,,,,30,,,,,,
MU Payne,2,Borrow_Pit_-_Riverward,6/12/2025,8:46,16,RYO,,,Toad_(American_Great_Plains_and,,,2,,,,,,,2,,Yes,,3,-95.752968,40.640051,,,,,,,,,,,,,,,,,,,,45,,,,8,,,,,,
MU Payne,2,Borrow_Pit_-_Riverward,6/12/2025,9:08,18,RYO,,,"Toad_(American_Great_Plains_and,American_Bullfrog",,,7,,,,,,1,8,,Yes,,5,-95.752956,40.639578,,,,,,,,,,,,,,,,,,,,46,,,,8,,,,,,
MU Payne,2,Borrow_Pit_-_Riverward,6/12/2025,9:31,15,RYO,,,Toad_(American_Great_Plains_and,,,6,,,,,,,6,,Yes,,7,-95.752672,40.639485,,,,,,,,,,,,,,,,,,,,26,,,,2,,,,,,
Copeland Bend,10,Borrow_Pit_-_Riverward,6/12/2025,10:47,21,RYO,,,other,too small to ID - 6,,,,,,,,,0,,Yes,,1,-95.843597,40.688291,,,,,,,,,,,,,,,,,,,,,,,,20,,,,1,,
Copeland Bend,9,Borrow_Pit_-_Riverward,6/12/2025,11:23,15,RYO,,,"Toad_(American_Great_Plains_and,Boreal_Chorus_Frog,Leopard_Frog_(Plains_and_Northe",,,2,,,3,,32,,37,,Yes,,2,-95.842879,40.688198,,,,,,,3,,,,,,,,,,,,,2,,,,,,,,,,
De Soto Bend,4,Natural_Wetland_-_Landward,6/18/2025,13:05,37,"AF, RYO, JSJ",26.4,"Bullrush, aquatic emergent vegetation","Blanchard's_Cricket_Frog,Leopard_Frog_(Plains_and_Northe",,,,2,,,,36,,38,,Yes,,1,-96.030144,41.545717,,,20,,,,,,,,,,,,,,,,,30,,,,,,,,,,
De Soto Bend,4,Natural_Wetland_-_Landward,6/18/2025,13:47,29,"AF, RYO, JSJ",,"pondweed, river bullrush","Blanchard's_Cricket_Frog,Leopard_Frog_(Plains_and_Northe",,,,1,,,,89,,90,,Yes,,2,-96.030228,41.545717,,,35,,,,,,,,,,,,,,,,,47,,,,,,,,,,
De Soto Bend,4,Natural_Wetland_-_Landward,6/18/2025,14:16,18,"RYO, AF, JSJ",,"pondweed, river bullrush",Leopard_Frog_(Plains_and_Northe,,,,,,,,21,,21,,Yes,,3,-96.030671,41.545753,,,50,,,,15,,,,,,,,,,,,,30,,,,,,,,,1,
De Soto Bend,4,Natural_Wetland_-_Landward,6/18/2025,14:20,21,"RYO, AF, JSJ",,"Pondweed, river bullrush",Leopard_Frog_(Plains_and_Northe,,,,,,,,32,,32,,Yes,,4,-96.030671,41.545738,,,52,,,,,,,,,,,,,,,,,39,,,,,,,,,,
De Soto Bend,2,Natural_Wetland_-_Landward,6/19/2025,8:45,21,"RYO, AF, JSJ",23.7,"river bullrush, dead willows",None,,,,,,,,,,0,,Yes,,1,-96.045791,41.520027,,,2,1,,,,,,,,,,,,,,,,2,,,,6,,,,,,
De Soto Bend,2,Natural_Wetland_-_Landward,6/19/2025,9:09,12,"RYO, AF, JSJ",,River bullrush,None,,,,,,,,,,0,,Yes,,2,-96.045791,41.520258,,,1,2,,,,,,,,,,,,,,,,,,,,,,,,,,
De Soto Bend,2,Natural_Wetland_-_Landward,6/19/2025,9:23,17,"AF, RYO, JSJ",,"river bullrush, willows",None,,,,,,,,,,0,,Yes,,3,-96.045839,41.52025,,,2,3,,,,,,,,,,,,,,,,1,,,,,,,,,,
De Soto Bend,3,Natural_Wetland_-_Landward,6/18/2025,11:11,37,"AF, DC",26.1,"Smartweed, cattails, snags",None,,,,,,,,,,0,,Yes,,2,-96.034661,41.543351,,,,,,,2,,,,,,,,,,,,,,,,,,,,,,,
De Soto Bend,1,Natural_Wetland_-_Landward,6/18/2025,8:16,24,"AF, RYO, JSJ",,River bullrush,American_Bullfrog,,,,,,,,,1,1,,Yes,,1,-96.035176,41.542683,,,1,1,,,,,,,,,,,,,,,,20,,,,,,,,,,
De Soto Bend,1,Natural_Wetland_-_Landward,6/18/2025,8:45,19,"AF, RYO, JSJ, DC",,"River bullrush, smartweed, willows",American_Bullfrog,,,,,,,,,3,3,,Yes,,2,-96.035255,41.542818,,,1,,,,,,,,,,,,,,,,,19,,,,,,,,,,
De Soto Bend,1,Natural_Wetland_-_Landward,6/18/2025,9:15,17,"AF, RYO, JSJ, DC",,"River bullrush, pondweed",American_Bullfrog,,,,,,,,,2,2,,Yes,,3,-96.035377,41.542914,,,,,,,,,,,,,,,,,,,,38,,,,,,,,,,
De Soto Bend,1,Natural_Wetland_-_Landward,6/18/2025,9:35,28,"RYO, AF, DC, JSJ",,"River bullrush, dead snags",American_Bullfrog,,,,,,,,,1,1,,Yes,,4,-96.035504,41.543199,,,1,,,,,,,,,,,,,,,,,45,,,,,,,,,,
De Soto Bend,1,Natural_Wetland_-_Landward,6/18/2025,10:08,20,"RYO, AF, JSJ, DC",,"River bullrush, willows",None,,,,,,,,,,0,,Yes,,5,-96.035753,41.543045,,,,1,,,,,,,,,,,,,,,,28,,,,,,,,,,
De Soto Bend,1,Natural_Wetland_-_Landward,6/18/2025,10:30,28,"RYO, AF, JSJ, DC",,River bullrush,American_Bullfrog,,,,,,,,,2,2,,Yes,,6,-96.035575,41.542752,,,3,,,,,,,,,,,,,,,,,36,,,,,,,,,,
De Soto Bend,3,Natural_Wetland_-_Landward,6/18/2025,11:12,12,"RYO, JSJ",,"Smartweed, soft stem bullrush, river bullrush",None,,,,,,,,,,0,,Yes,,1,-96.034745,41.543325,,,,,,,6,,,,,,,,,,,,,,,,,,,,,,,
De Soto Bend,3,Natural_Wetland_-_Landward,6/18/2025,11:24,14,"RYO, JSJ",,"Smartweed, river bullrush",None,,,,,,,,,,0,,No,,3,-96.034784,41.54302,,,,,,,,,,,,,,,,,,,,,,,,,,,,,,
Soldier Bend,3,"Borrow_Pit_-_Landward,Ag_Connected",6/25/2025,8:57,25,"AF, RYO, JSJ, AC",25.3,"pondweed, misc. emergent veg","Toad_(American_Great_Plains_and,American_Bullfrog",,,6,,,,,,15,21,,Yes,,1,-96.093173,41.703827,,,,1,,,1,,,,,,,,,,,,,1,,,,,,,,,,12
Soldier Bend,3,"Borrow_Pit_-_Landward,Ag_Connected",6/25/2025,9:24,16,"AF, RYO, JSJ, AC",,"Smartweed, pondweed",American_Bullfrog,,,,,,,,,12,12,,Yes,,2,-96.093445,41.703845,,,,,,,,,,,,,,,,,,,,,,,,,,,,,,4
Soldier Bend,3,"Borrow_Pit_-_Landward,Ag_Connected",6/25/2025,9:40,15,"AF, RYO, JSJ, AC",,"Smartweed, misc. emergent veg",None,,,,,,,,,,0,,Yes,,3,-96.09341,41.703928,,,,,,,,,,,,,,,,,,,,,,,,,,,,,,1
Soldier Bend,3,"Borrow_Pit_-_Landward,Ag_Connected",6/25/2025,9:51,16,"AF, RYO, JSJ, AC",,Smartweed,American_Bullfrog,,,,,,,,,1,1,,Yes,,4,-96.093482,41.704132,,,,,,,,,,,,,,,,,,,,1,,,,,,,,,,
Soldier Bend,3,"Borrow_Pit_-_Landward,Ag_Connected",6/25/2025,10:00,12,"AF, RYO, JSJ, AC",,,American_Bullfrog,,,,,,,,,8,8,,Yes,,5,-96.093196,41.704315,,,4,,,,,,,,,,,,,,,,,6,,,,,,,,,,
Soldier Bend,2,Borrow_Pit_-_Landward,6/25/2025,10:20,14,"AF, RYO, JSJ, AC",,"Curly dock, willows",None,,,,,,,,,,0,,Yes,,1,-96.092502,41.697937,,,,,,,,,,,,,,,,,,,,,,,,,,,,,,1
Soldier Bend,2,Borrow_Pit_-_Landward,6/25/2025,10:37,11,"AF, RYO, JSJ, AC",26.5,"Curly dock, misc. emergent veg",None,,,,,,,,,,0,,Yes,,2,-96.092502,41.697937,,,,,,,,,,,,,,2,,,,,,,3,,,,,,,,,
Soldier Bend,2,Borrow_Pit_-_Landward,6/25/2025,10:51,15,"AF, RYO, JSJ, AC",,"Curly dock, reed canary grass",None,,,,,,,,,,0,,Yes,,3,-96.092502,41.697937,,,1,,,,,,,,,,,,,,,,,,4,,,,,,,,,
Soldier Bend,2,Borrow_Pit_-_Landward,6/25/2025,11:06,13,"AF, RYO, JSJ, AC",,"Reed canary grass, soft stem bullrush",None,,,,,,,,,,0,,Yes,,4,-96.091154,41.69855,,,,,,,,,,,,,,,,,,,,,2,,,,,,,,,
Soldier Bend,2,Borrow_Pit_-_Landward,6/25/2025,11:17,15,"AF, RYO, JSJ, AC",,Reed canary grass,None,,,,,,,,,,0,,No,,5,-96.090961,41.698066,,,,,,,,,,,,,,,,,,,,,,,,,,,,,,
Soldier Bend,1,"Borrow_Pit_-_Landward,Ag_Connected",6/25/2025,11:41,24,"AF, RYO, JSJ, AC",,"Smartweed, reed canary grass",None,,,,,,,,,,0,,Yes,Unknown species for minnow,1,-96.089341,41.697468,,,,,,,,,,,,,1,,,,,,,,,,,,,,1,,,
